{
    "$schema": "https://schema.management.azure.com/schemas/2015-01-01/deploymentTemplate.json#",
    "contentVersion": "1.0.0.0",
    "parameters": {},
    "variables": {},
    "resources": [
        {
            "type": "Microsoft.Sql/servers",
            "apiVersion": "2019-06-01-preview",
            "name": "machinessql",
            "location": "eastus",
            "kind": "v12.0",
            "properties": {
                "administratorLogin": "machinesSqlUser",
                "version": "12.0",
                "publicNetworkAccess": "Enabled"
            }
        },
        {
            "type": "Microsoft.Sql/servers/advisors",
            "apiVersion": "2014-04-01",
            "name": "machinessql/CreateIndex",
            "dependsOn": [
                "[resourceId('Microsoft.Sql/servers', 'machinessql')]"
            ],
            "properties": {
                "autoExecuteValue": "Disabled"
            }
        },
        {
            "type": "Microsoft.Sql/servers/advisors",
            "apiVersion": "2014-04-01",
            "name": "machinessql/DbParameterization",
            "dependsOn": [
                "[resourceId('Microsoft.Sql/servers', 'machinessql')]"
            ],
            "properties": {
                "autoExecuteValue": "Disabled"
            }
        },
        {
            "type": "Microsoft.Sql/servers/advisors",
            "apiVersion": "2014-04-01",
            "name": "machinessql/DefragmentIndex",
            "dependsOn": [
                "[resourceId('Microsoft.Sql/servers', 'machinessql')]"
            ],
            "properties": {
                "autoExecuteValue": "Disabled"
            }
        },
        {
            "type": "Microsoft.Sql/servers/advisors",
            "apiVersion": "2014-04-01",
            "name": "machinessql/DropIndex",
            "dependsOn": [
                "[resourceId('Microsoft.Sql/servers', 'machinessql')]"
            ],
            "properties": {
                "autoExecuteValue": "Disabled"
            }
        },
        {
            "type": "Microsoft.Sql/servers/advisors",
            "apiVersion": "2014-04-01",
            "name": "machinessql/ForceLastGoodPlan",
            "dependsOn": [
                "[resourceId('Microsoft.Sql/servers', 'machinessql')]"
            ],
            "properties": {
                "autoExecuteValue": "Enabled"
            }
        },
        {
            "type": "Microsoft.Sql/servers/auditingPolicies",
            "apiVersion": "2014-04-01",
            "name": "machinessql/Default",
            "location": "East US",
            "dependsOn": [
                "[resourceId('Microsoft.Sql/servers', 'machinessql')]"
            ],
            "properties": {
                "auditingState": "Disabled"
            }
        },
        {
            "type": "Microsoft.Sql/servers/auditingSettings",
            "apiVersion": "2017-03-01-preview",
            "name": "machinessql/Default",
            "dependsOn": [
                "[resourceId('Microsoft.Sql/servers', 'machinessql')]"
            ],
            "properties": {
                "state": "Disabled",
                "retentionDays": 0,
                "auditActionsAndGroups": [],
                "storageAccountSubscriptionId": "00000000-0000-0000-0000-000000000000",
                "isStorageSecondaryKeyInUse": false,
                "isAzureMonitorTargetEnabled": false
            }
        },
        {
            "type": "Microsoft.Sql/servers/databases",
            "apiVersion": "2019-06-01-preview",
            "name": "machinessql/MachinesDB",
            "location": "eastus",
            "dependsOn": [
                "[resourceId('Microsoft.Sql/servers', 'machinessql')]"
            ],
            "sku": {
                "name": "Standard",
                "tier": "Standard",
                "capacity": 10
            },
            "kind": "v12.0,user",
            "properties": {
                "collation": "SQL_Latin1_General_CP1_CI_AS",
                "maxSizeBytes": 268435456000,
                "catalogCollation": "SQL_Latin1_General_CP1_CI_AS",
                "zoneRedundant": false,
                "readScale": "Disabled",
                "readReplicaCount": 0,
                "storageAccountType": "GRS"
            }
        },
        {
            "type": "Microsoft.Sql/servers/databases/auditingPolicies",
            "apiVersion": "2014-04-01",
            "name": "machinessql/master/Default",
            "location": "East US",
            "dependsOn": [
                "[resourceId('Microsoft.Sql/servers', 'machinessql')]"
            ],
            "properties": {
                "auditingState": "Disabled"
            }
        },
        {
            "type": "Microsoft.Sql/servers/databases/auditingSettings",
            "apiVersion": "2017-03-01-preview",
            "name": "machinessql/master/Default",
            "dependsOn": [
                "[resourceId('Microsoft.Sql/servers', 'machinessql')]"
            ],
            "properties": {
                "state": "Disabled",
                "retentionDays": 0,
                "auditActionsAndGroups": [],
                "storageAccountSubscriptionId": "00000000-0000-0000-0000-000000000000",
                "isStorageSecondaryKeyInUse": false,
                "isAzureMonitorTargetEnabled": false
            }
        },
        {
            "type": "Microsoft.Sql/servers/databases/extendedAuditingSettings",
            "apiVersion": "2017-03-01-preview",
            "name": "machinessql/master/Default",
            "dependsOn": [
                "[resourceId('Microsoft.Sql/servers', 'machinessql')]"
            ],
            "properties": {
                "state": "Disabled",
                "retentionDays": 0,
                "auditActionsAndGroups": [],
                "storageAccountSubscriptionId": "00000000-0000-0000-0000-000000000000",
                "isStorageSecondaryKeyInUse": false,
                "isAzureMonitorTargetEnabled": false
            }
        },
        {
            "type": "Microsoft.Sql/servers/databases/geoBackupPolicies",
            "apiVersion": "2014-04-01",
            "name": "machinessql/master/Default",
            "location": "East US",
            "dependsOn": [
                "[resourceId('Microsoft.Sql/servers', 'machinessql')]"
            ],
            "properties": {
                "state": "Enabled"
            }
        },
        {
            "type": "Microsoft.Sql/servers/databases/securityAlertPolicies",
            "apiVersion": "2018-06-01-preview",
            "name": "machinessql/master/Default",
            "dependsOn": [
                "[resourceId('Microsoft.Sql/servers', 'machinessql')]"
            ],
            "properties": {
                "state": "Disabled",
                "disabledAlerts": [
                    ""
                ],
                "emailAddresses": [
                    ""
                ],
                "emailAccountAdmins": false,
                "retentionDays": 0
            }
        },
        {
            "type": "Microsoft.Sql/servers/databases/transparentDataEncryption",
            "apiVersion": "2014-04-01",
            "name": "machinessql/master/current",
            "location": "East US",
            "dependsOn": [
                "[resourceId('Microsoft.Sql/servers', 'machinessql')]"
            ],
            "properties": {
                "status": "Disabled"
            }
        },
        {
            "type": "Microsoft.Sql/servers/databases/vulnerabilityAssessments",
            "apiVersion": "2017-03-01-preview",
            "name": "machinessql/master/Default",
            "dependsOn": [
                "[resourceId('Microsoft.Sql/servers', 'machinessql')]"
            ],
            "properties": {
                "recurringScans": {
                    "isEnabled": false,
                    "emailSubscriptionAdmins": true
                }
            }
        },
        {
            "type": "Microsoft.Sql/servers/encryptionProtector",
            "apiVersion": "2015-05-01-preview",
            "name": "machinessql/current",
            "dependsOn": [
                "[resourceId('Microsoft.Sql/servers', 'machinessql')]"
            ],
            "kind": "servicemanaged",
            "properties": {
                "serverKeyName": "ServiceManaged",
                "serverKeyType": "ServiceManaged"
            }
        },
        {
            "type": "Microsoft.Sql/servers/extendedAuditingSettings",
            "apiVersion": "2017-03-01-preview",
            "name": "machinessql/Default",
            "dependsOn": [
                "[resourceId('Microsoft.Sql/servers', 'machinessql')]"
            ],
            "properties": {
                "state": "Disabled",
                "retentionDays": 0,
                "auditActionsAndGroups": [],
                "storageAccountSubscriptionId": "00000000-0000-0000-0000-000000000000",
                "isStorageSecondaryKeyInUse": false,
                "isAzureMonitorTargetEnabled": false
            }
        },
        {
            "type": "Microsoft.Sql/servers/firewallRules",
            "apiVersion": "2015-05-01-preview",
            "name": "machinessql/Mypc",
            "dependsOn": [
                "[resourceId('Microsoft.Sql/servers', 'machinessql')]"
            ],
            "properties": {
                "startIpAddress": "77.127.42.137",
                "endIpAddress": "77.127.42.137"
            }
        },
        {
            "type": "Microsoft.Sql/servers/firewallRules",
            "apiVersion": "2015-05-01-preview",
            "name": "machinessql/ps",
            "dependsOn": [
                "[resourceId('Microsoft.Sql/servers', 'machinessql')]"
            ],
            "properties": {
                "startIpAddress": "13.68.204.118",
                "endIpAddress": "13.68.204.118"
            }
        },
        {
            "type": "Microsoft.Sql/servers/keys",
            "apiVersion": "2015-05-01-preview",
            "name": "machinessql/ServiceManaged",
            "dependsOn": [
                "[resourceId('Microsoft.Sql/servers', 'machinessql')]"
            ],
            "kind": "servicemanaged",
            "properties": {
                "serverKeyType": "ServiceManaged"
            }
        },
        {
            "type": "Microsoft.Sql/servers/securityAlertPolicies",
            "apiVersion": "2017-03-01-preview",
            "name": "machinessql/Default",
            "dependsOn": [
                "[resourceId('Microsoft.Sql/servers', 'machinessql')]"
            ],
            "properties": {
                "state": "Disabled",
                "disabledAlerts": [
                    ""
                ],
                "emailAddresses": [
                    ""
                ],
                "emailAccountAdmins": false,
                "retentionDays": 0
            }
        },
        {
            "type": "Microsoft.Sql/servers/vulnerabilityAssessments",
            "apiVersion": "2018-06-01-preview",
            "name": "machinessql/Default",
            "dependsOn": [
                "[resourceId('Microsoft.Sql/servers', 'machinessql')]"
            ],
            "properties": {
                "recurringScans": {
                    "isEnabled": false,
                    "emailSubscriptionAdmins": true
                },
                "storageContainerPath": null
            }
        },
        {
            "type": "Microsoft.Sql/servers/databases/advisors",
            "apiVersion": "2014-04-01",
            "name": "machinessql/MachinesDB/CreateIndex",
            "dependsOn": [
                "[resourceId('Microsoft.Sql/servers/databases', 'machinessql', 'MachinesDB')]",
                "[resourceId('Microsoft.Sql/servers', 'machinessql')]"
            ],
            "properties": {
                "autoExecuteValue": "Disabled"
            }
        },
        {
            "type": "Microsoft.Sql/servers/databases/advisors",
            "apiVersion": "2014-04-01",
            "name": "machinessql/MachinesDB/DbParameterization",
            "dependsOn": [
                "[resourceId('Microsoft.Sql/servers/databases', 'machinessql', 'MachinesDB')]",
                "[resourceId('Microsoft.Sql/servers', 'machinessql')]"
            ],
            "properties": {
                "autoExecuteValue": "Disabled"
            }
        },
        {
            "type": "Microsoft.Sql/servers/databases/advisors",
            "apiVersion": "2014-04-01",
            "name": "machinessql/MachinesDB/DefragmentIndex",
            "dependsOn": [
                "[resourceId('Microsoft.Sql/servers/databases', 'machinessql', 'MachinesDB')]",
                "[resourceId('Microsoft.Sql/servers', 'machinessql')]"
            ],
            "properties": {
                "autoExecuteValue": "Disabled"
            }
        },
        {
            "type": "Microsoft.Sql/servers/databases/advisors",
            "apiVersion": "2014-04-01",
            "name": "machinessql/MachinesDB/DropIndex",
            "dependsOn": [
                "[resourceId('Microsoft.Sql/servers/databases', 'machinessql', 'MachinesDB')]",
                "[resourceId('Microsoft.Sql/servers', 'machinessql')]"
            ],
            "properties": {
                "autoExecuteValue": "Disabled"
            }
        },
        {
            "type": "Microsoft.Sql/servers/databases/advisors",
            "apiVersion": "2014-04-01",
            "name": "machinessql/MachinesDB/ForceLastGoodPlan",
            "dependsOn": [
                "[resourceId('Microsoft.Sql/servers/databases', 'machinessql', 'MachinesDB')]",
                "[resourceId('Microsoft.Sql/servers', 'machinessql')]"
            ],
            "properties": {
                "autoExecuteValue": "Enabled"
            }
        },
        {
            "type": "Microsoft.Sql/servers/databases/auditingPolicies",
            "apiVersion": "2014-04-01",
            "name": "machinessql/MachinesDB/Default",
            "location": "East US",
            "dependsOn": [
                "[resourceId('Microsoft.Sql/servers/databases', 'machinessql', 'MachinesDB')]",
                "[resourceId('Microsoft.Sql/servers', 'machinessql')]"
            ],
            "properties": {
                "auditingState": "Disabled"
            }
        },
        {
            "type": "Microsoft.Sql/servers/databases/auditingSettings",
            "apiVersion": "2017-03-01-preview",
            "name": "machinessql/MachinesDB/Default",
            "dependsOn": [
                "[resourceId('Microsoft.Sql/servers/databases', 'machinessql', 'MachinesDB')]",
                "[resourceId('Microsoft.Sql/servers', 'machinessql')]"
            ],
            "properties": {
                "state": "Disabled",
                "retentionDays": 0,
                "storageAccountSubscriptionId": "00000000-0000-0000-0000-000000000000",
                "isStorageSecondaryKeyInUse": false,
                "isAzureMonitorTargetEnabled": false
            }
        },
        {
            "type": "Microsoft.Sql/servers/databases/backupShortTermRetentionPolicies",
            "apiVersion": "2017-10-01-preview",
            "name": "machinessql/MachinesDB/default",
            "dependsOn": [
                "[resourceId('Microsoft.Sql/servers/databases', 'machinessql', 'MachinesDB')]",
                "[resourceId('Microsoft.Sql/servers', 'machinessql')]"
            ],
            "properties": {
                "retentionDays": 7
            }
        },
        {
            "type": "Microsoft.Sql/servers/databases/extendedAuditingSettings",
            "apiVersion": "2017-03-01-preview",
            "name": "machinessql/MachinesDB/Default",
            "dependsOn": [
                "[resourceId('Microsoft.Sql/servers/databases', 'machinessql', 'MachinesDB')]",
                "[resourceId('Microsoft.Sql/servers', 'machinessql')]"
            ],
            "properties": {
                "state": "Disabled",
                "retentionDays": 0,
                "storageAccountSubscriptionId": "00000000-0000-0000-0000-000000000000",
                "isStorageSecondaryKeyInUse": false,
                "isAzureMonitorTargetEnabled": false
            }
        },
        {
            "type": "Microsoft.Sql/servers/databases/geoBackupPolicies",
            "apiVersion": "2014-04-01",
            "name": "machinessql/MachinesDB/Default",
            "location": "East US",
            "dependsOn": [
                "[resourceId('Microsoft.Sql/servers/databases', 'machinessql', 'MachinesDB')]",
                "[resourceId('Microsoft.Sql/servers', 'machinessql')]"
            ],
            "properties": {
                "state": "Enabled"
            }
        },
        {
            "type": "Microsoft.Sql/servers/databases/securityAlertPolicies",
            "apiVersion": "2018-06-01-preview",
            "name": "machinessql/MachinesDB/Default",
            "dependsOn": [
                "[resourceId('Microsoft.Sql/servers/databases', 'machinessql', 'MachinesDB')]",
                "[resourceId('Microsoft.Sql/servers', 'machinessql')]"
            ],
            "properties": {
                "state": "Disabled",
                "disabledAlerts": [
                    ""
                ],
                "emailAddresses": [
                    ""
                ],
                "emailAccountAdmins": false,
                "retentionDays": 0
            }
        },
        {
            "type": "Microsoft.Sql/servers/databases/transparentDataEncryption",
            "apiVersion": "2014-04-01",
            "name": "machinessql/MachinesDB/current",
            "location": "East US",
            "dependsOn": [
                "[resourceId('Microsoft.Sql/servers/databases', 'machinessql', 'MachinesDB')]",
                "[resourceId('Microsoft.Sql/servers', 'machinessql')]"
            ],
            "properties": {
                "status": "Enabled"
            }
        },
        {
            "type": "Microsoft.Sql/servers/databases/vulnerabilityAssessments",
            "apiVersion": "2017-03-01-preview",
            "name": "machinessql/MachinesDB/Default",
            "dependsOn": [
                "[resourceId('Microsoft.Sql/servers/databases', 'machinessql', 'MachinesDB')]",
                "[resourceId('Microsoft.Sql/servers', 'machinessql')]"
            ],
            "properties": {
                "recurringScans": {
                    "isEnabled": false,
                    "emailSubscriptionAdmins": true
                }
            }
        }
    ]
}